patientId,dice,hd95,type
Patient_31,0.87834597,67.27555276621665,test
Patient_32,0.951294,6.0,test
Patient_33,0.8535647,15.427248620541512,test
Patient_34,0.8982831,64.26585403270322,test
Patient_35,0.314508,32.38826948140329,test
Patient_36,0.1171961,52.7839936776379,test
Patient_37,0.9278836,8.0,test
Patient_38,0.87024724,11.949825172687609,test
Patient_39,0.6187649,12.206555615733702,test
Patient_40,0.87255055,40.74677733210064,test
