patientId,type,diceM,hd95M
training_axial_full_pat6,test,0.689836,21.540659228538015
training_axial_full_pat7,test,0.8312099,5.744562646538029
training_axial_full_pat8,test,0.77373636,4.58257569495584
training_axial_full_pat9,test,0.70956993,65.92419889539804
