patientId,dice,hd95,type
Patient_33,0.9531652,3.0,test
Patient_34,0.94015795,3.4641016151377544,test
Patient_35,0.9539573,2.449489742783178,test
Patient_36,0.94844306,3.0,test
Patient_37,0.93545973,3.1622776601683795,test
Patient_38,0.9592948,2.23606797749979,test
Patient_39,0.96003306,2.23606797749979,test
Patient_40,0.9551652,2.23606797749979,test
