patientId,dice,hd95,type
Patient_31,0.9659628,2.0,test
Patient_32,0.95933974,3.0,test
Patient_33,0.9532532,2.8284271247461903,test
Patient_34,0.9343624,3.7416573867739413,test
Patient_35,0.9592515,2.449489742783178,test
Patient_36,0.95697826,2.23606797749979,test
Patient_37,0.93746424,3.4641016151377544,test
Patient_38,0.9574838,2.23606797749979,test
Patient_39,0.9623576,2.23606797749979,test
Patient_40,0.95011,2.23606797749979,test
