patientId,dice,hd95,type
Patient_31,0.9175607,143.22709240922262,test
Patient_32,0.9124193,90.96592702964404,test
Patient_33,0.80859745,169.01479225203929,test
Patient_34,0.85737205,117.0,test
Patient_35,0.77079535,14.0,test
Patient_36,0.5278458,18.466185312619388,test
Patient_37,0.9131151,5.0,test
Patient_38,0.924089,11.916375287812984,test
Patient_39,0.83516335,19.026297590440446,test
Patient_40,0.8938615,118.67982082325183,test
