patientId,dice,hd95,type
Patient_31,0.9647957,2.0,test
Patient_32,0.94709176,3.0,test
Patient_33,0.94890386,3.1622776601683795,test
Patient_34,0.92877376,4.0,test
Patient_35,0.5309566,66.40783086353596,test
Patient_36,0.10877383,73.57309290766564,test
Patient_37,0.93369204,4.0,test
Patient_38,0.95449346,2.23606797749979,test
Patient_39,0.91693646,63.13477647065839,test
Patient_40,0.9652977,2.0,test
