patientId,dice,hd95,type
Patient_31,0.9715884,1.7320508075688772,test
Patient_32,0.95815146,2.23606797749979,test
Patient_33,0.95543325,3.0,test
Patient_34,0.93716824,4.242640687119285,test
Patient_35,0.95353705,3.0,test
Patient_36,0.95263934,2.449489742783178,test
Patient_37,0.94067055,3.4641016151377544,test
Patient_38,0.9637878,2.0,test
Patient_39,0.96323603,2.23606797749979,test
Patient_40,0.96367806,2.0,test
