patientId,dice,hd95,type
pid_108,0.7497833,22.58317958127243,test
pid_110,0.7188178,14.45683229480096,test
