patientId,type,diceLV,diceRV,diceLA,diceRA,diceMLV,diceAA,dicePA,hd95LV,hd95RV,hd95LA,hd95RA,hd95MLV,hd95AA,hd95PA
ct_train_1017_image,test,0.9080733,0.59158766,0.87001175,0.5606211,0.84518653,0.9100379,0.8018428,14.2828568570857,180.6294549623621,65.07687761409578,299.972332039692,196.00535706815344,109.50479432895816,140.4749080989624
ct_train_1018_image,test,0.9426346,0.89917845,0.9098401,0.8068688,0.78232986,0.9565706,0.6637395,8.06225774829855,50.96224080364382,6.6332495807108,76.66159403508382,9.695359714832659,73.76313442364011,103.26761349159395
ct_train_1019_image,test,0.8096907,0.7407016,0.92802745,0.5946575,0.86468375,0.92224085,0.8266667,43.289721643826724,99.45803110979277,17.029386365926403,167.46357807519752,129.0,29.466926169913524,114.41306724959172
ct_train_1020_image,test,0.94314694,0.9023086,0.9291964,0.8334642,0.90042067,0.95853114,0.8960438,8.54400374531753,45.0111097397076,18.384776310850235,104.53229133319981,5.385164807134504,80.04623643384706,21.400934559032695
