patientId,dice,hd95,type
Patient_31,0.8350726,60.876925020897694,test
Patient_32,0.87558,57.79965374510376,test
Patient_33,0.88829374,63.788713735268246,test
Patient_34,0.82239395,59.91493949695167,test
Patient_35,0.51825845,12.24744871391589,test
Patient_36,0.104987055,31.701734968294716,test
Patient_37,0.9298383,3.7416573867739413,test
Patient_38,0.9060929,5.0,test
Patient_39,0.8261298,14.730919862656235,test
Patient_40,0.7158104,50.695167422546305,test
