patientId,dice,hd95,type
pid_110,0.73371685,9.433981132056603,test
