patientId,type,diceLV,diceRV,diceLA,diceRA,diceMLV,diceAA,dicePA,hd95LV,hd95RV,hd95LA,hd95RA,hd95MLV,hd95AA,hd95PA
ct_train_1016_image,test,0.94722515,0.92202634,0.931559,0.9144662,0.8879298,0.98066276,0.8432424,2.449489742783178,4.123105625617661,5.477225575051661,4.58257569495584,2.8284271247461903,1.0,6.6332495807108
ct_train_1017_image,test,0.9259462,0.9103174,0.94189733,0.9318571,0.9052584,0.9549293,0.8790464,4.0,6.152166282068244,3.7416573867739413,7.622310370064284,108.25340489933333,34.56587803923254,8.12403840463596
ct_train_1018_image,test,0.9365978,0.89049894,0.87731886,0.86518824,0.77221113,0.9705069,0.75832546,4.58257569495584,11.224972160321824,5.477225575051661,51.58488150611572,4.69041575982343,1.4142135623730951,83.57631243360764
ct_train_1019_image,test,0.89643085,0.9423194,0.9468696,0.93299544,0.93813545,0.958167,0.8749791,3.605551275463989,3.0,7.681145747868608,5.0990195135927845,126.37840003769148,1.7320508075688772,8.660254037844387
ct_train_1020_image,test,0.9441526,0.8599864,0.91357154,0.88203526,0.8893046,0.9631579,0.84696096,3.3166247903554,8.12403840463596,13.30413469565007,17.74823934929885,4.242640687119285,2.449489742783178,16.673332000533065
