patientId,dice,hd95,type
Patient_31,0.9647689,2.0,test
Patient_32,0.95322245,3.0,test
Patient_33,0.946796,37.027017163147235,test
Patient_34,0.9314662,4.242640687119285,test
Patient_35,0.9503365,3.0,test
Patient_36,0.94197375,4.0,test
Patient_37,0.94157094,4.0,test
Patient_38,0.9530357,2.449489742783178,test
Patient_39,0.96141756,2.23606797749979,test
Patient_40,0.9663382,2.0,test
