patientId,type,diceLV,diceRV,diceLA,diceRA,diceMLV,diceAA,dicePA,hd95LV,hd95RV,hd95LA,hd95RA,hd95MLV,hd95AA,hd95PA
ct_train_1016_image,test,0.9674368,0.93338734,0.9406977,0.94184095,0.9173075,0.9756962,0.8116863,2.0,3.4641016151377544,5.656854249492381,3.605551275463989,2.23606797749979,1.7320508075688772,30.805843601498726
ct_train_1017_image,test,0.8744267,0.71136457,0.06558113,0.6741427,0.8472875,0.9298902,0.75690067,6.782329983125268,75.11324783285569,60.37383539249432,58.59180830116101,108.56334556377672,64.63319569067052,16.889340893422542
ct_train_1018_image,test,0.948497,0.85943353,0.8785537,0.89057755,0.8083515,0.9589924,0.6983393,3.1622776601683795,15.264337522473747,49.44441303953662,8.06225774829855,4.69041575982343,4.123105625617661,93.7923237797209
ct_train_1019_image,test,0.766749,0.660432,0.9268219,0.7059115,0.8834955,0.76183945,0.830042,31.622776601683793,53.42845614880548,29.086079144497972,53.378366250286696,70.9154426059656,44.16129486900519,95.13148795220224
ct_train_1020_image,test,0.95214355,0.87200004,0.95132744,0.89753634,0.889917,0.97239566,0.90125585,2.449489742783178,18.466185312619388,5.385164807134504,13.784048752090222,4.123105625617661,1.4142135623730951,16.15549442140351
