patientId,type,diceLV,diceRV,diceLA,diceRA,diceMLV,diceAA,dicePA,hd95LV,hd95RV,hd95LA,hd95RA,hd95MLV,hd95AA,hd95PA
ct_train_1016_image,test,0.97153974,0.9353652,0.9474643,0.9535479,0.90912086,0.98188204,0.8548502,1.7320508075688772,3.1622776601683795,6.324555320336759,2.449489742783178,2.449489742783178,1.0,5.830951894845301
ct_train_1017_image,test,0.9234563,0.9049697,0.8567543,0.92853093,0.8804131,0.9703779,0.8736586,3.0,53.24471804789655,12.649110640673518,26.76003838430429,114.00942939853053,1.7320508075688772,6.708203932499369
ct_train_1018_image,test,0.9595804,0.8967532,0.8825579,0.91939497,0.83688927,0.974238,0.7383222,3.605551275463989,15.84297951775486,5.830951894845301,4.47213595499958,3.3166247903554,1.4142135623730951,55.91958440520786
ct_train_1019_image,test,0.8081482,0.8790825,0.9372603,0.90029097,0.9150265,0.93747103,0.87111026,42.55114530608998,7.810249675906654,9.486832980505138,10.0,27.60162962837193,21.6794833886788,6.082762530298219
ct_train_1020_image,test,0.95646536,0.9326601,0.9703611,0.9282696,0.9149851,0.9750479,0.91569364,2.23606797749979,3.605551275463989,2.8284271247461903,4.0,2.23606797749979,1.0,10.356136535944767
