patientId,type,diceLV,diceRV,diceLA,diceRA,diceMLV,diceAA,dicePA,hd95LV,hd95RV,hd95LA,hd95RA,hd95MLV,hd95AA,hd95PA
ct_train_1016_image,test,0.93825763,0.23638599,0.8881773,0.15969774,0.80874413,0.9596497,0.7431812,15.556349186104045,17.291616465790582,40.858903104929325,65.5370116039444,20.223748416156685,5.0,22.02271554554524
ct_train_1017_image,test,0.8650152,0.661348,0.17918903,0.72718877,0.81202,0.9106348,0.81288224,128.7672318565558,86.03836325369248,58.33223794167638,129.94999021004105,129.1665591397402,79.51635048817622,127.89487870366226
ct_train_1018_image,test,0.78427064,0.7619475,0.67717576,0.7041686,0.77732456,0.93216413,0.694617,19.019723192830334,34.132096331752024,78.7343630429044,65.46754921333164,12.041594578792296,23.060779450655637,110.1544370418187
ct_train_1019_image,test,0.8050549,0.5404779,0.9300137,0.6606034,0.9121334,0.4489976,0.748039,29.274562336608895,151.0562809021856,11.575836902790225,151.21177202850313,106.64895686315924,131.78486230416874,146.7080433985204
ct_train_1020_image,test,0.9104987,0.60472775,0.82224345,0.691779,0.8460698,0.89566135,0.6811742,21.215557845090036,42.67317658670374,46.184412955021955,71.5122367151245,55.36876360253962,43.01162633521314,20.024984394500787
