patientId,type,diceLV,diceRV,diceLA,diceRA,diceMLV,diceAA,dicePA,hd95LV,hd95RV,hd95LA,hd95RA,hd95MLV,hd95AA,hd95PA
ct_train_1016_image,test,0.9697756,0.9474571,0.9573418,0.94875175,0.9298747,0.9785203,0.866526,1.7320508075688772,2.8284271247461903,3.0,2.449489742783178,2.0,1.0,8.06225774829855
ct_train_1017_image,test,0.9157151,0.768483,0.9384703,0.86133564,0.829336,0.916946,0.824348,3.7416573867739413,131.04960892730662,4.58257569495584,104.96046865058337,158.00316452527144,45.880278987817846,11.704699910719626
ct_train_1018_image,test,0.9547701,0.8902932,0.91639084,0.8937345,0.82563996,0.97062,0.707355,3.3166247903554,19.339079605813716,3.605551275463989,55.04543577809154,4.242640687119285,2.0,90.56378924260932
ct_train_1019_image,test,0.8424452,0.9127029,0.9292824,0.89406145,0.9205561,0.9612713,0.88808495,5.830951894845301,4.123105625617661,25.475478405713993,72.77843060797599,4.242640687119285,1.4142135623730951,6.6332495807108
ct_train_1020_image,test,0.94955623,0.9199815,0.9635729,0.9194619,0.9104273,0.9762647,0.93242186,2.23606797749979,4.123105625617661,3.4641016151377544,4.47213595499958,2.8284271247461903,1.0,6.164414002968976
