patientId,dice,hd95,type
spleen_52,0.73829764,8.366600265340756,test
spleen_53,0.89558005,91.68424073961675,test
spleen_56,0.8963165,3.9741657386773,test
spleen_59,0.9563017,2.0,test
spleen_60,0.97007626,1.4142135623730951,test
spleen_61,0.95841354,94.28752139357252,test
spleen_62,0.8958653,8.12403840463596,test
spleen_63,0.95664775,61.778635154318366,test
