patientId,dice,hd95,type
Patient_31,0.9604365,2.0,test
Patient_32,0.9485477,40.99512013733278,test
Patient_33,0.9315334,4.0,test
Patient_34,0.9213501,6.708203932499369,test
Patient_35,0.9134384,9.0,test
Patient_36,0.8898299,35.014282800023196,test
Patient_37,0.92707956,4.0,test
Patient_38,0.9521824,2.449489742783178,test
Patient_39,0.9437695,3.0,test
Patient_40,0.9573543,2.449489742783178,test
