patientId,dice,hd95,type
pid_106,0.85026973,11.0,test
pid_1000,0.89890987,4.242640687119285,test
