patientId,dice,hd95,type
Patient_31,0.9626644,2.0,test
Patient_32,0.96161115,2.449489742783178,test
Patient_33,0.95505786,2.449489742783178,test
Patient_34,0.93718874,3.1622776601683795,test
Patient_35,0.96109664,2.8284271247461903,test
Patient_36,0.9559963,2.23606797749979,test
Patient_37,0.9348697,3.7416573867739413,test
Patient_38,0.95534956,2.23606797749979,test
Patient_39,0.957857,2.8284271247461903,test
Patient_40,0.9540806,2.8284271247461903,test
