patientId,dice,hd95,type
pid_106,0.82508594,59.69087032369355,test
pid_1000,0.8846394,4.358898943540674,test
