patientId,type,diceC,hd95C
pid_106,test,0.83965516,11.0
pid_1000,test,0.8971921,8.18535277187245
