patientId,type,diceC,hd95C
pid_106,test,0.8656397,3.605551275463989
pid_1000,test,0.9069045,3.605551275463989
