patientId,type,diceC,hd95C
pid_106,test,0.83799636,4.2426405
pid_1000,test,0.8975278,3.4641016
