patientId,type,diceC,hd95C
pid_106,test,0.83057857,59.47899
pid_1000,test,0.889427,5.0
