patientId,type,diceC,hd95C
pid_106,test,0.8187559,9.486832980505138
pid_1000,test,0.8851475,3.0
