patientId,type,diceC,hd95C
pid_106,test,0.86321586,3.7416573867739413
pid_1000,test,0.89721036,3.1622776601683795
