patientId,type,diceC,hd95C
pid_106,test,0.829885,6.0
pid_1000,test,0.8913427,3.7416573867739413
