patientId,type,diceC,hd95C
pid_106,test,0.812167,14.177446878757825
pid_1000,test,0.8692783,16.24807680927192
