patientId,type,diceC,hd95C
pid_106,test,0.8453699,7.3484692283495345
pid_1000,test,0.9017118,4.242640687119285
