patientId,dice,hd95,type
Patient_33,0.9497055,3.0,test
Patient_34,0.9237073,6.0,test
Patient_35,0.9577633,2.8284271247461903,test
Patient_36,0.94103086,3.1622776601683795,test
Patient_37,0.9377213,4.123105625617661,test
Patient_38,0.9489637,2.8284271247461903,test
Patient_39,0.95918053,2.449489742783178,test
Patient_40,0.946736,3.605551275463989,test
