patientId,dice,hd95,type
Patient_31,0.96502364,2.0,test
Patient_32,0.94116086,4.0,test
Patient_33,0.9526324,2.8284271247461903,test
Patient_34,0.9332414,4.47213595499958,test
Patient_35,0.943293,3.1622776601683795,test
Patient_36,0.9373701,4.0,test
Patient_37,0.94387716,3.7416573867739413,test
Patient_38,0.9516362,2.449489742783178,test
Patient_39,0.9603632,2.8284271247461903,test
Patient_40,0.9605633,2.23606797749979,test
