patientId,type,diceLV,diceRV,diceLA,diceRA,diceMLV,diceAA,dicePA,hd95LV,hd95RV,hd95LA,hd95RA,hd95MLV,hd95AA,hd95PA
ct_train_1016_image,test,0.9636331,0.9349883,0.94271487,0.9490765,0.9054871,0.9766269,0.8535731,1.7320508075688772,4.123105625617661,5.744562646538029,3.0,2.449489742783178,3.1622776601683795,6.082762530298219
ct_train_1017_image,test,0.9113533,0.91160864,0.9208904,0.90095925,0.8955783,0.9595353,0.8935072,3.7416573867739413,37.33430027636704,8.0,196.15236424469038,7.280109889280518,23.12789522163171,7.0
ct_train_1018_image,test,0.93897,0.8617961,0.86589277,0.86914074,0.7867734,0.9749582,0.6735104,3.605551275463989,19.209372712298546,6.4031242374328485,8.94427190999916,6.4031242374328485,1.4142135623730951,55.49729573393485
ct_train_1019_image,test,0.84461766,0.91689867,0.9221938,0.9291622,0.9294069,0.96101093,0.8664359,6.0,27.62969038146877,11.874342087037917,17.683320728864622,6.0,1.4142135623730951,8.06225774829855
ct_train_1020_image,test,0.9569351,0.85716367,0.9217243,0.8848188,0.8798406,0.9728608,0.8713004,2.23606797749979,14.594519519326424,13.076696830622021,15.165750888103101,8.54400374531753,1.0,27.161543195115062
