patientId,dice,hd95,type
Patient_33,0.96120507,3.0,test
Patient_34,0.9419634,3.605551275463989,test
Patient_35,0.96141577,2.8284271247461903,test
Patient_36,0.9575763,2.8284271247461903,test
Patient_37,0.9475819,3.4641016151377544,test
Patient_38,0.9593638,2.23606797749979,test
Patient_39,0.96068734,2.8284271247461903,test
Patient_40,0.96773654,2.0,test
