patientId,dice,hd95,type
Patient_33,0.8787226,7.874007874011811,test
Patient_34,0.88953435,6.164414002968976,test
Patient_35,0.86348546,8.0,test
Patient_36,0.86676,7.0,test
Patient_37,0.8730601,6.082762530298219,test
Patient_38,0.8374622,15.0,test
Patient_39,0.89679855,5.0,test
Patient_40,0.84659624,14.0,test
