patientId,dice,hd95,type
Patient_33,0.94015694,3.605551275463989,test
Patient_34,0.90757936,6.0,test
Patient_35,0.9401099,3.4641016151377544,test
Patient_36,0.9395709,3.0,test
Patient_37,0.9216571,4.69041575982343,test
Patient_38,0.92053217,12.041594578792296,test
Patient_39,0.9433593,3.8191601707415708,test
Patient_40,0.9364208,25.59296032741012,test
