patientId,dice,hd95,type
Patient_33,0.95831525,2.449489742783178,test
Patient_34,0.93362784,3.605551275463989,test
Patient_35,0.95492166,2.8284271247461903,test
Patient_36,0.9557648,2.23606797749979,test
Patient_37,0.9433659,3.0,test
Patient_38,0.95749724,2.23606797749979,test
Patient_39,0.96514773,2.0,test
Patient_40,0.9531146,2.23606797749979,test
