patientId,dice,hd95,type
Patient_33,0.9545655,3.0,test
Patient_34,0.93727636,3.3166247903554,test
Patient_35,0.95125204,2.449489742783178,test
Patient_36,0.94856364,3.0,test
Patient_37,0.9436945,3.0,test
Patient_38,0.9519685,2.23606797749979,test
Patient_39,0.9617951,2.23606797749979,test
Patient_40,0.9508189,2.8284271247461903,test
