patientId,dice,hd95,type
Patient_31,0.96599805,2.0,test
Patient_32,0.9443075,67.28298406562976,test
Patient_33,0.95741093,2.449489742783178,test
Patient_34,0.92342585,5.4680194982597445,test
Patient_35,0.9449026,3.1622776601683795,test
Patient_36,0.9383949,4.0,test
Patient_37,0.94106877,3.605551275463989,test
Patient_38,0.9611838,2.23606797749979,test
Patient_39,0.95619977,2.449489742783178,test
Patient_40,0.9589465,2.0,test
