patientId,type,diceLV,diceRV,diceLA,diceRA,diceMLV,diceAA,dicePA,hd95LV,hd95RV,hd95LA,hd95RA,hd95MLV,hd95AA,hd95PA
ct_train_1016_image,test,0.9600631,0.9390983,0.95053434,0.9357662,0.92068154,0.98113716,0.8504345,2.23606797749979,2.8284271247461903,3.3166247903554,3.1622776601683795,2.0,1.0,7.0
ct_train_1017_image,test,0.92982894,0.91492987,0.88270617,0.90174073,0.90358573,0.9694179,0.8494473,3.0,6.324555320336759,50.309044912421065,197.52721331502656,3.3166247903554,1.4142135623730951,9.48154779566017
ct_train_1018_image,test,0.93742895,0.88127285,0.8895905,0.8774705,0.7762255,0.97216064,0.8064846,4.69041575982343,7.874007874011811,4.69041575982343,37.603191353926334,4.898979485566356,1.4142135623730951,62.361845248238474
ct_train_1019_image,test,0.8913574,0.9334935,0.9334088,0.9140456,0.93277687,0.9531101,0.8701971,4.123105625617661,3.0,7.681145747868608,7.874007874011811,3.0,1.7320508075688772,7.14142842854285
ct_train_1020_image,test,0.9508454,0.8958436,0.9666522,0.9251119,0.9135037,0.9722406,0.9212587,2.23606797749979,5.385164807134504,2.8284271247461903,5.477225575051661,2.449489742783178,1.4142135623730951,7.483314773547883
