patientId,dice,hd95,type
Patient_31,0.94020313,47.08184254448676,test
Patient_32,0.953527,3.1622776601683795,test
Patient_33,0.8173541,15.748015748023622,test
Patient_34,0.9090252,18.024980739587892,test
Patient_35,0.26725373,22.9128784747792,test
Patient_36,0.109327115,30.364452901377952,test
Patient_37,0.9288267,9.16515138991168,test
Patient_38,0.77596474,13.0,test
Patient_39,0.7043328,14.071247279470288,test
Patient_40,0.8917876,38.0,test
