patientId,dice,hd95,type
Patient_33,0.9561154,2.8284271247461903,test
Patient_34,0.9360513,3.605551275463989,test
Patient_35,0.95775163,2.8284271247461903,test
Patient_36,0.9535002,2.23606797749979,test
Patient_37,0.94162077,3.0,test
Patient_38,0.9581831,2.0,test
Patient_39,0.964571,2.23606797749979,test
Patient_40,0.953147,2.23606797749979,test
