patientId,dice,hd95,type
Patient_31,0.94632494,53.23673533148542,test
Patient_32,0.95022583,48.96682530497953,test
Patient_33,0.93865114,3.7416573867739413,test
Patient_34,0.92682385,6.0,test
Patient_35,0.9327639,8.0,test
Patient_36,0.8636487,48.61069841094653,test
Patient_37,0.9379212,3.3166247903554,test
Patient_38,0.8849346,52.70104342798003,test
Patient_39,0.9405259,3.1622776601683795,test
Patient_40,0.95097977,9.219544457292887,test
