patientId,type,diceLV,diceRV,diceLA,diceRA,diceMLV,diceAA,dicePA,hd95LV,hd95RV,hd95LA,hd95RA,hd95MLV,hd95AA,hd95PA
ct_train_1017_image,test,0.9171158,0.8713682,0.93379647,0.8991855,0.8661623,0.8849684,0.8478856,4.0,181.52685751700767,37.213571754808015,113.70949827316409,144.0978832917955,61.53048025166064,18.466185312619388
ct_train_1018_image,test,0.951757,0.88607264,0.8758729,0.8942258,0.80603,0.9744864,0.71872383,3.0,12.96148139681572,5.744562646538029,6.4031242374328485,4.358898943540674,1.0,92.63449679404327
ct_train_1019_image,test,0.86770046,0.93549573,0.9288909,0.8953658,0.92947674,0.9645201,0.8927817,18.04299891669124,3.7416573867739413,10.723805294763608,8.94427190999916,4.47213595499958,2.23606797749979,7.0
ct_train_1020_image,test,0.95632064,0.9271463,0.97139126,0.92270225,0.9129933,0.97388947,0.9332383,2.23606797749979,4.123105625617661,2.449489742783178,4.242640687119285,2.8284271247461903,1.0,5.385164807134504
