patientId,dice,hd95,type
pid_106,0.84840935,9.273618495495704,test
pid_1000,0.8977148,3.4641016151377544,test
