patientId,dice,hd95,type
Patient_31,0.9662948,2.0,test
Patient_32,0.95361674,3.0,test
Patient_33,0.9511533,3.040569415042095,test
Patient_34,0.93328154,4.0,test
Patient_35,0.95197546,2.8284271247461903,test
Patient_36,0.94983506,2.8284271247461903,test
Patient_37,0.93662447,3.4641016151377544,test
Patient_38,0.9502727,3.0,test
Patient_39,0.96055365,2.23606797749979,test
Patient_40,0.963924,2.0,test
