patientId,dice,hd95,type
pid_106,0.8120085,36.914088885639224,test
pid_1000,0.8786247,6.0,test
