patientId,dice,hd95,type
Patient_31,0.9555905,2.23606797749979,test
Patient_32,0.9467042,4.0,test
Patient_33,0.9327461,4.0,test
Patient_34,0.9260704,60.14149981501958,test
Patient_35,0.95172083,3.0,test
Patient_36,0.9389444,4.0,test
Patient_37,0.9407513,3.605551275463989,test
Patient_38,0.9531199,2.23606797749979,test
Patient_39,0.95578086,2.8284271247461903,test
Patient_40,0.9545923,2.8284271247461903,test
