patientId,type,diceLV,diceRV,diceLA,diceRA,diceMLV,diceAA,dicePA,hd95LV,hd95RV,hd95LA,hd95RA,hd95MLV,hd95AA,hd95PA
ct_train_1016_image,test,0.9474999,0.023614274,0.93731856,0.11056462,0.6648091,0.95984805,0.7634385,5.0,23.874672772626646,8.660254037844387,36.77906960735947,9.055385138137417,31.486451313231015,25.935495280165664
ct_train_1017_image,test,0.9196802,0.7091856,0.1992476,0.8158055,0.86556613,0.8922239,0.79473567,122.3717775179373,79.0,62.880044483992215,189.29183816038966,127.70669520428442,74.8785637884403,52.141153768683786
ct_train_1018_image,test,0.84642583,0.7918454,0.6864357,0.57955045,0.76533574,0.91278005,0.73894984,21.307275752662516,18.24828759089466,80.67837380611982,57.51521472119906,5.830951894845301,15.811388300841896,90.88894319529564
ct_train_1019_image,test,0.74916977,0.6304549,0.9415683,0.7596364,0.9202684,0.6342814,0.81354403,36.823905279043935,138.3654581172628,11.878545407115363,99.86490875177326,5.656854249492381,13.0,50.6458290484024
ct_train_1020_image,test,0.93622917,0.56407756,0.8883533,0.6992824,0.8468457,0.8900723,0.8917993,7.280109889280518,14.317821063276353,50.25932749251625,56.63214568744239,4.0,17.944358444926362,20.97140422070826
