patientId,dice,hd95,type
Patient_31,0.9691317,2.0,test
Patient_32,0.95940477,2.449489742783178,test
Patient_33,0.9558549,2.449489742783178,test
Patient_34,0.9378457,4.123105625617661,test
Patient_35,0.9571066,3.0,test
Patient_36,0.9509699,3.0,test
Patient_37,0.94924855,3.0,test
Patient_38,0.9619655,2.0,test
Patient_39,0.9654706,2.23606797749979,test
Patient_40,0.963751,2.0,test
