patientId,dice,hd95,type
pid_106,0.7670222,78.09353360017391,test
pid_1000,0.8911947,5.0990195135927845,test
