patientId,type,diceLV,diceRV,diceLA,diceRA,diceMLV,diceAA,dicePA,hd95LV,hd95RV,hd95LA,hd95RA,hd95MLV,hd95AA,hd95PA
ct_train_1016_image,test,0.96608084,0.9443391,0.9500487,0.9351837,0.91449404,0.9659251,0.87879866,2.0,3.0,5.0990195135927845,3.1622776601683795,2.23606797749979,11.789826122551595,7.0710678118654755
ct_train_1017_image,test,0.93258417,0.7859191,0.90780616,0.84570986,0.7996939,0.8898948,0.8347912,4.123105625617661,110.18620603324175,55.06995535396367,193.0541373060258,146.18823482072693,64.87102511701674,88.02840450672726
ct_train_1018_image,test,0.9548994,0.88687897,0.89254147,0.8958801,0.8151874,0.95870644,0.72024405,3.0,80.72329239600275,4.898979485566356,5.744562646538029,5.0,3.605551275463989,91.6624241442479
ct_train_1019_image,test,0.83393127,0.89896894,0.9320062,0.8975562,0.8820853,0.965782,0.85830283,6.782329983125268,23.874672772626646,17.4928556845359,218.88535809103857,6.4031242374328485,2.0,131.2288078129189
ct_train_1020_image,test,0.9487324,0.92236817,0.948756,0.92643535,0.90215236,0.9695734,0.9139925,4.47213595499958,4.123105625617661,6.164414002968976,4.242640687119285,3.4641016151377544,1.4142135623730951,9.055385138137417
