patientId,dice,hd95,type
Patient_33,0.9565363,2.8284271247461903,test
Patient_34,0.9251467,5.385164807134504,test
Patient_35,0.9541506,2.23606797749979,test
Patient_36,0.93873155,3.1622776601683795,test
Patient_37,0.9400328,3.7416573867739413,test
Patient_38,0.94516283,3.0,test
Patient_39,0.9582009,3.0,test
Patient_40,0.9523957,3.0,test
