patientId,type,diceLV,diceRV,diceLA,diceRA,diceMLV,diceAA,dicePA,hd95LV,hd95RV,hd95LA,hd95RA,hd95MLV,hd95AA,hd95PA
ct_train_1016_image,test,0.96073157,0.20605564,0.92805827,0.0011027688,0.56294084,0.8870363,0.49400955,8.246211251235321,26.476404589747453,34.36568055487916,72.37333760235228,9.433981132056603,13.341664064126334,22.38302928559939
ct_train_1017_image,test,0.8984261,0.64560884,0.07748345,0.8514083,0.89456546,0.9246305,0.8016769,15.556349186104045,85.05292469985967,64.7533782902483,116.9901704562327,128.79829191413992,32.513073966074046,33.86369677271953
ct_train_1018_image,test,0.92680085,0.7359368,0.71325207,0.3961639,0.76640284,0.86005163,0.6849049,17.0,56.04462507680822,80.21159514996992,58.855755878248644,4.58257569495584,15.132745950421556,95.67288013990427
ct_train_1019_image,test,0.81344503,0.60450995,0.9341916,0.67444664,0.8745303,0.47272608,0.77637666,36.61966684720111,145.50120273443056,8.660254037844387,122.54488972159811,105.94810050208545,15.329709716755891,54.89990892524322
ct_train_1020_image,test,0.88713676,0.58241624,0.8657314,0.6372134,0.8314397,0.88332087,0.7752211,57.27172073877407,38.44476557348217,49.135526008850384,61.59139536919463,4.898979485566356,15.905973720586866,12.68857754044952
