patientId,dice,hd95,type
Patient_31,0.9531074,2.8284271247461903,test
Patient_32,0.92845094,5.0,test
Patient_33,0.9286462,12.0,test
Patient_34,0.891505,13.0,test
Patient_35,0.7756119,234.3889929140699,test
Patient_36,0.9097802,15.0,test
Patient_37,0.9175894,4.47213595499958,test
Patient_38,0.911065,7.0,test
Patient_39,0.94438195,4.0,test
Patient_40,0.94116557,11.045361017187261,test
