patientId,dice,hd95,type
Patient_31,0.9628519,2.0,test
Patient_32,0.95839936,2.23606797749979,test
Patient_33,0.85073054,60.046648394050735,test
Patient_34,0.9216968,13.0,test
Patient_35,0.1498514,68.8414845371205,test
Patient_36,0.07133644,68.72190326877599,test
Patient_37,0.9327734,3.7416573867739413,test
Patient_38,0.95172226,2.23606797749979,test
Patient_39,0.48316932,69.88562083862459,test
Patient_40,0.9624824,2.0,test
