patientId,dice,hd95,type
pid_106,0.81636596,25.25866188063018,test
pid_1000,0.8697584,14.317821063276353,test
