patientId,type,diceLV,diceRV,diceLA,diceRA,diceMLV,diceAA,dicePA,hd95LV,hd95RV,hd95LA,hd95RA,hd95MLV,hd95AA,hd95PA
ct_train_1017_image,test,0.8628554,0.6123941,0.011308652,0.7345274,0.8350663,0.89369655,0.759291,8.0,158.95329501388218,250.0399968005119,256.7235867325538,161.6697250543192,81.87551439106747,30.56141357987225
ct_train_1018_image,test,0.94218844,0.9163614,0.86072016,0.92477316,0.8328511,0.9705371,0.7533308,6.0,9.433981132056603,20.322401432901575,4.123105625617661,4.358898943540674,2.8284271247461903,88.41379982785493
ct_train_1019_image,test,0.8301257,0.6653651,0.92597,0.7134446,0.91920847,0.6464558,0.86753744,19.519221295943137,132.74392630531176,13.784048752090222,80.03061911847767,5.196152422706632,13.379088160259652,40.55859958134649
ct_train_1020_image,test,0.95231223,0.9311038,0.9624975,0.924813,0.904935,0.9748403,0.93348074,2.449489742783178,5.0,4.242640687119285,5.0,3.0,1.0,5.0990195135927845
