patientId,dice,hd95,type
Patient_33,0.9545861,3.0,test
Patient_34,0.92928094,4.242640687119285,test
Patient_35,0.95474094,2.449489742783178,test
Patient_36,0.9536149,2.449489742783178,test
Patient_37,0.939204,3.1622776601683795,test
Patient_38,0.9531153,2.23606797749979,test
Patient_39,0.96469545,2.23606797749979,test
Patient_40,0.9499027,2.23606797749979,test
