patientId,dice,hd95,type
Patient_08,0.5380026,36.345563690772494,test
Patient_07,0.5115917,39.93745109543172,test
Patient_05,0.6742838,29.017236257093817,test
