patientId,dice,hd95,type
Patient_08,0.5374376,28.178005607210743,test
Patient_07,0.5241001,35.84689665786984,test
Patient_05,0.6483783,9.1104335791443,test
