patientId,type,diceLV,diceRV,diceLA,diceRA,diceMLV,diceAA,dicePA,hd95LV,hd95RV,hd95LA,hd95RA,hd95MLV,hd95AA,hd95PA
ct_train_1016_image,test,0.9715768,0.934757,0.94519365,0.94224304,0.92195535,0.9809109,0.84992725,1.7320508075688772,3.605551275463989,4.898979485566356,2.8284271247461903,2.0,1.0,6.708203932499369
ct_train_1017_image,test,0.93784255,0.881014,0.9449333,0.92346466,0.90935004,0.9622775,0.8432298,3.0,172.78599451201939,3.7416573867739413,7.14142842854285,3.605551275463989,28.460498941515414,16.30950643030009
ct_train_1018_image,test,0.94721884,0.8984319,0.88708234,0.8980923,0.8251188,0.9687983,0.74240535,5.5311141773837464,11.874342087037917,77.01038791320944,4.47213595499958,3.7416573867739413,1.4142135623730951,93.15309967140733
ct_train_1019_image,test,0.8850241,0.936343,0.93514496,0.8947128,0.9399707,0.95509386,0.8707396,4.242640687119285,3.1622776601683795,30.14962686336267,7.483314773547883,3.0,1.4142135623730951,9.899494936611665
ct_train_1020_image,test,0.9520556,0.93151134,0.9655804,0.92849773,0.9201938,0.97362113,0.9337082,2.23606797749979,3.605551275463989,3.0,4.123105625617661,2.23606797749979,1.4142135623730951,8.06225774829855
