patientId,dice,hd95,type
Patient_33,0.95790094,2.8284271247461903,test
Patient_34,0.9390398,3.3166247903554,test
Patient_35,0.9449576,3.1622776601683795,test
Patient_36,0.94435924,3.0,test
Patient_37,0.92926335,4.123105625617661,test
Patient_38,0.948528,2.449489742783178,test
Patient_39,0.9615638,2.449489742783178,test
Patient_40,0.9570821,2.23606797749979,test
