patientId,dice,hd95,type
Patient_31,0.9674032,2.0,test
Patient_32,0.89141667,73.36075163946437,test
Patient_33,0.9514006,3.0,test
Patient_34,0.92830455,5.477225575051661,test
Patient_35,0.95011044,3.0,test
Patient_36,0.9311277,4.69041575982343,test
Patient_37,0.9344038,4.58257569495584,test
Patient_38,0.9556889,2.23606797749979,test
Patient_39,0.9557585,2.8284271247461903,test
Patient_40,0.9624796,2.0,test
