patientId,dice,hd95,type
Patient_33,0.9533338,2.8284271247461903,test
Patient_34,0.9237536,5.656854249492381,test
Patient_35,0.95559096,2.8284271247461903,test
Patient_36,0.95419055,2.449489742783178,test
Patient_37,0.93082935,3.1622776601683795,test
Patient_38,0.95828867,2.23606797749979,test
Patient_39,0.9577587,2.23606797749979,test
Patient_40,0.9479105,3.0,test
