patientId,dice,hd95,type
pid_108,0.7451133,23.08679276123039,test
pid_110,0.72908497,13.601470508735444,test
