patientId,dice,hd95,type
Patient_31,0.96237993,2.0,test
Patient_32,0.9511304,3.0,test
Patient_33,0.9475225,3.0,test
Patient_34,0.93161255,4.0,test
Patient_35,0.66543645,65.94694837519019,test
Patient_36,0.25781757,72.18032973047436,test
Patient_37,0.9410078,3.3166247903554,test
Patient_38,0.94481295,3.0,test
Patient_39,0.927581,40.54071980554473,test
Patient_40,0.95725507,2.23606797749979,test
