patientId,dice,hd95,type
spleen_52,0.95139074,2.449489742783178,test
spleen_53,0.8937784,133.0691540178651,test
spleen_56,0.8503979,10.770329614269007,test
spleen_59,0.94704777,12.357170215578428,test
spleen_60,0.9702844,1.0,test
spleen_61,0.90800744,105.80170088745453,test
spleen_62,0.9375302,2.449489742783178,test
spleen_63,0.96224266,1.4142135623730951,test
