patientId,dice,hd95,type
Patient_31,0.9674997,2.0,test
Patient_32,0.9539205,3.0,test
Patient_33,0.9482111,3.0,test
Patient_34,0.9414494,3.1622776601683795,test
Patient_35,0.94964236,4.0,test
Patient_36,0.9422016,4.0,test
Patient_37,0.94281036,3.605551275463989,test
Patient_38,0.9546997,2.23606797749979,test
Patient_39,0.9658819,2.0,test
Patient_40,0.96551037,2.0,test
