patientId,dice,hd95,type
Patient_33,0.9523632,2.8284271247461903,test
Patient_34,0.94258296,3.3166247903554,test
Patient_35,0.9590543,2.449489742783178,test
Patient_36,0.9498789,2.8284271247461903,test
Patient_37,0.9435585,3.605551275463989,test
Patient_38,0.9604196,2.0,test
Patient_39,0.9593727,2.8284271247461903,test
Patient_40,0.9689466,1.7320508075688772,test
