patientId,type,diceLV,diceRV,diceLA,diceRA,diceMLV,diceAA,dicePA,hd95LV,hd95RV,hd95LA,hd95RA,hd95MLV,hd95AA,hd95PA
ct_train_1016_image,test,0.9685952,0.9397984,0.94605714,0.9445,0.9102491,0.9833564,0.83755994,1.7320508075688772,3.0,5.196152422706632,3.3166247903554,2.23606797749979,1.0,23.0
ct_train_1017_image,test,0.9328834,0.8463187,0.83023316,0.92177665,0.90705174,0.9693828,0.80610114,3.0,62.52199612936234,16.64331697709324,182.05219019485114,8.0,1.7320508075688772,18.05547008526779
ct_train_1018_image,test,0.95011854,0.9059095,0.88525665,0.9156313,0.81704307,0.9710943,0.7786266,3.7416573867739413,6.782329983125268,6.053795644693812,4.381546345832332,4.47213595499958,1.4142135623730951,89.95109776360654
ct_train_1019_image,test,0.87306875,0.8954745,0.9392814,0.89793104,0.94230336,0.9371263,0.87815857,25.546997947156946,11.0,16.55596321669982,8.774964387392123,3.0,4.0,40.71239625251498
ct_train_1020_image,test,0.9502773,0.92771465,0.9489266,0.921844,0.9119097,0.97456974,0.90220904,2.449489742783178,4.242640687119285,5.656854249492381,4.898979485566356,2.23606797749979,1.0,28.39013913315678
