patientId,type,diceLV,diceRV,diceLA,diceRA,diceMLV,diceAA,dicePA,hd95LV,hd95RV,hd95LA,hd95RA,hd95MLV,hd95AA,hd95PA
ct_train_1016_image,test,0.96729046,0.93654376,0.9573444,0.9516124,0.91936684,0.9828396,0.90824896,1.7320508075688772,3.1622776601683795,4.123105625617661,3.0,2.0,1.0,8.163892743339657
ct_train_1017_image,test,0.92370486,0.88889253,0.88679284,0.93302727,0.91071177,0.97161424,0.8591299,3.0,48.41487374764082,11.180339887498949,3.7416573867739413,3.1622776601683795,1.4142135623730951,17.81291202037348
ct_train_1018_image,test,0.94329596,0.86806834,0.88437045,0.9040372,0.80768794,0.9767654,0.7465266,3.7416573867739413,14.317821063276353,5.744562646538029,5.916079783099616,4.58257569495584,1.0,57.21887800367987
ct_train_1019_image,test,0.8606298,0.9418721,0.9335002,0.9246553,0.93837655,0.954945,0.8918958,6.164414002968976,3.0,6.4031242374328485,6.928203230275509,3.605551275463989,1.4142135623730951,7.0710678118654755
ct_train_1020_image,test,0.9579028,0.8962371,0.97670656,0.91511446,0.9192642,0.976084,0.9247624,2.23606797749979,6.0,1.7320508075688772,13.19090595827292,2.23606797749979,1.0,7.54983443527075
