patientId,dice,hd95,type
pid_106,0.8521841,8.306623862918075,test
pid_1000,0.90207714,4.358898943540674,test
