patientId,dice,hd95,type
Patient_33,0.96110255,2.23606797749979,test
Patient_34,0.9356435,3.1622776601683795,test
Patient_35,0.9568467,2.449489742783178,test
Patient_36,0.9540853,2.449489742783178,test
Patient_37,0.94219226,3.3166247903554,test
Patient_38,0.9378775,59.84479913281722,test
Patient_39,0.96329755,2.449489742783178,test
Patient_40,0.95933115,2.23606797749979,test
