patientId,dice,hd95,type
Patient_31,0.96456105,2.0,test
Patient_32,0.95254487,3.0,test
Patient_33,0.9473813,3.0,test
Patient_34,0.9295494,4.0,test
Patient_35,0.95208883,3.0,test
Patient_36,0.94033986,3.7416573867739413,test
Patient_37,0.93219143,4.47213595499958,test
Patient_38,0.93896145,3.1622776601683795,test
Patient_39,0.9578224,2.8284271247461903,test
Patient_40,0.9549008,3.0,test
