patientId,dice,hd95,type
Patient_31,0.96741325,1.4142135623730951,test
Patient_32,0.89094865,75.1265598839718,test
Patient_33,0.9502024,3.1622776601683795,test
Patient_34,0.9405263,3.3166247903554,test
Patient_35,0.94743556,3.0,test
Patient_36,0.9502468,2.449489742783178,test
Patient_37,0.94451576,3.0,test
Patient_38,0.9613307,2.0,test
Patient_39,0.9601327,2.449489742783178,test
Patient_40,0.96504176,2.0,test
