patientId,type,diceLV,diceRV,diceLA,diceRA,diceMLV,diceAA,dicePA,hd95LV,hd95RV,hd95LA,hd95RA,hd95MLV,hd95AA,hd95PA
ct_train_1016_image,test,0.97466934,0.9347527,0.9485651,0.94442666,0.9277432,0.9805044,0.8731263,1.4142135623730951,3.605551275463989,5.744562646538029,2.8284271247461903,1.7320508075688772,1.0,6.082762530298219
ct_train_1017_image,test,0.93829495,0.8668476,0.8214622,0.9110955,0.90930724,0.96953386,0.8548803,2.8284271247461903,60.35354159461597,12.884098726725126,179.54386637662518,5.0990195135927845,145.61249922055785,6.0
ct_train_1018_image,test,0.9610273,0.8851555,0.8602297,0.89928824,0.8322153,0.9773799,0.75229096,3.0,17.11724276862369,6.0,5.744562646538029,4.123105625617661,1.4142135623730951,56.515484603779164
ct_train_1019_image,test,0.87563443,0.9126952,0.9359488,0.92064494,0.9425068,0.95368457,0.86534536,4.58257569495584,3.7416573867739413,9.055385138137417,6.557438524302,3.0,2.23606797749979,6.782329983125268
ct_train_1020_image,test,0.95166206,0.92310584,0.9652236,0.9316174,0.9197881,0.97463846,0.9278986,2.8284271247461903,3.7416573867739413,3.4641016151377544,4.0,2.449489742783178,1.4142135623730951,8.602325267042627
