patientId,dice,hd95,type
Patient_33,0.954032,3.0,test
Patient_34,0.9322977,4.0,test
Patient_35,0.95541257,3.0,test
Patient_36,0.955398,2.8284271247461903,test
Patient_37,0.93399227,4.123105625617661,test
Patient_38,0.9523881,2.8284271247461903,test
Patient_39,0.9655807,2.0,test
Patient_40,0.9602868,2.0,test
