patientId,dice,hd95,type
Patient_31,0.9699335,2.0,test
Patient_32,0.9443651,3.0,test
Patient_33,0.93963504,4.0,test
Patient_34,0.9434427,3.1622776601683795,test
Patient_35,0.9427199,4.0,test
Patient_36,0.94081664,3.0,test
Patient_37,0.92923105,4.58257569495584,test
Patient_38,0.9574572,2.23606797749979,test
Patient_39,0.9557278,3.0,test
Patient_40,0.9623187,2.0,test
