patientId,dice,hd95,type
pid_108,0.71056056,23.108440016582687,test
pid_110,0.7084013,16.1245154965971,test
