patientId,dice,hd95,type
pid_106,0.82274157,68.31544481301428,test
pid_1000,0.88740534,7.0710678118654755,test
