patientId,dice,hd95,type
Patient_31,0.9673761,1.7320508075688772,test
Patient_32,0.94851065,61.10810073880231,test
Patient_33,0.9512687,3.0,test
Patient_34,0.93541336,3.4641016151377544,test
Patient_35,0.94849646,3.0,test
Patient_36,0.9489026,2.449489742783178,test
Patient_37,0.9468345,3.0,test
Patient_38,0.96111727,2.0,test
Patient_39,0.96124715,2.23606797749979,test
Patient_40,0.95667785,2.23606797749979,test
