patientId,type,diceLV,diceRV,diceLA,diceRA,diceMLV,diceAA,dicePA,hd95LV,hd95RV,hd95LA,hd95RA,hd95MLV,hd95AA,hd95PA
ct_train_1016_image,test,0.95580363,0.65028083,0.93559283,0.24285872,0.8276619,0.96846783,0.72331136,2.23606797749979,13.341664064126334,7.874007874011811,42.551145306089964,4.69041575982343,2.23606797749979,11.704699910719626
ct_train_1017_image,test,0.91880727,0.66391784,0.16893841,0.779441,0.8824846,0.8832051,0.83834994,4.123105625617661,126.23648428665314,57.810033731178535,91.39337973661381,135.7460864997588,81.35723692456621,19.0
ct_train_1018_image,test,0.8758161,0.8487813,0.76044774,0.717241,0.80053467,0.9597371,0.7341369,17.378147196982766,84.85517043761402,80.049984384758,77.18808198161165,5.744562646538029,62.545983084447556,92.98037423790804
ct_train_1019_image,test,0.75666124,0.50067014,0.9374767,0.7177116,0.8235588,0.5157009,0.81789833,35.11409973215888,152.60733927305068,12.328828005937952,144.1735065814798,102.91501322397707,18.275666882497067,43.01918141091321
ct_train_1020_image,test,0.9514083,0.88522243,0.9112437,0.8246899,0.91240376,0.94126457,0.8817811,7.874007874011811,41.47288270665544,46.69047011971501,54.738468945336415,3.0,20.845859483237646,11.180339887498949
