patientId,dice,hd95,type
pid_106,0.7850787,44.45222154178574,test
pid_1000,0.84654504,36.27671429443411,test
