patientId,type,diceLV,diceRV,diceLA,diceRA,diceMLV,diceAA,dicePA,hd95LV,hd95RV,hd95LA,hd95RA,hd95MLV,hd95AA,hd95PA
ct_train_1016_image,test,0.96994656,0.91907364,0.9494523,0.8893972,0.9138867,0.9653366,0.7893462,1.4142135623730951,9.539392014169456,3.605551275463989,40.69397989875161,2.23606797749979,2.8284271247461903,36.95131724517846
ct_train_1017_image,test,0.88860404,0.69310725,0.072516024,0.7800199,0.8016866,0.9608061,0.78030205,139.25300674891676,131.83702059740276,61.59545437773797,206.9969805248296,142.94124642492775,30.95157508108432,58.30779878772565
ct_train_1018_image,test,0.9333291,0.907778,0.86215156,0.88716084,0.8315697,0.9760592,0.6869777,13.038404810405298,10.198039027185569,73.71566997592845,7.0710678118654755,3.7416573867739413,1.0,96.73830671650576
ct_train_1019_image,test,0.7766915,0.65504104,0.94905454,0.724362,0.8507102,0.55295926,0.74187756,35.73513677041127,144.06491573900516,5.477225575051661,152.0437436980851,190.38106523410454,22.759613353482084,67.08092122888503
ct_train_1020_image,test,0.9560525,0.91814876,0.96414757,0.9077784,0.9189939,0.97418725,0.88956076,2.23606797749979,18.627936010197157,3.605551275463989,6.6332495807108,2.449489742783178,1.0,9.486832980505138
