patientId,type,diceLV,diceRV,diceLA,diceRA,diceMLV,diceAA,dicePA,hd95LV,hd95RV,hd95LA,hd95RA,hd95MLV,hd95AA,hd95PA
ct_train_1016_image,test,0.9768404,0.90762836,0.9492494,0.9265324,0.9397283,0.9771385,0.83817005,1.4142135623730951,10.246950765959598,4.898979485566356,37.68819387767674,1.4142135623730951,1.0,22.48554827674005
ct_train_1017_image,test,0.86763865,0.75768393,0.022534642,0.81097573,0.89955413,0.9280417,0.86264926,152.22647601199017,143.1797820817652,59.88781163765965,60.54750201288241,128.0759539590177,59.432313870905496,32.71085446759225
ct_train_1018_image,test,0.9475418,0.87901,0.8244755,0.907052,0.8067581,0.97943926,0.7300272,6.4031242374328485,14.071247279470288,85.41662601625049,5.477225575051661,4.69041575982343,1.0,95.71311299921238
ct_train_1019_image,test,0.8800012,0.7642321,0.94069403,0.78946495,0.8874608,0.46235043,0.8787442,108.4665847162157,107.9008800591868,13.96424004376894,105.85131078272902,145.1719668033631,32.074911708505255,43.56604182158393
ct_train_1020_image,test,0.9582205,0.908513,0.9697261,0.91474354,0.9074439,0.977218,0.921401,2.23606797749979,4.69041575982343,3.7416573867739413,6.4031242374328485,3.0,1.0,7.0710678118654755
