patientId,type,diceLV,diceRV,diceLA,diceRA,diceMLV,diceAA,dicePA,hd95LV,hd95RV,hd95LA,hd95RA,hd95MLV,hd95AA,hd95PA
ct_train_1016_image,test,0.96945804,0.9108068,0.94221133,0.8331873,0.90129006,0.97032154,0.8755417,1.7320508075688772,7.681145747868608,5.744562646538029,31.3137192772069,2.8284271247461903,2.0,5.744562646538029
ct_train_1017_image,test,0.9132713,0.81702393,0.43854997,0.8504435,0.9011074,0.9613137,0.8676784,131.829435256319,71.72726115100663,57.15286502930282,220.87145582013406,138.3654581172628,42.108787468022214,18.275666882497067
ct_train_1018_image,test,0.93541163,0.8984937,0.83681345,0.8916095,0.8558669,0.973146,0.7117714,7.3484692283495345,12.68857754044952,82.62566187329455,6.082762530298219,2.23606797749979,2.23606797749979,96.25746720776807
ct_train_1019_image,test,0.8330203,0.8266161,0.94558644,0.8380447,0.9390821,0.69415164,0.871226,29.899832775452108,47.2091090409632,7.14142842854285,102.5534003343473,4.123105625617661,15.297058540778355,13.038404810405298
ct_train_1020_image,test,0.95404476,0.88453835,0.93603706,0.7658446,0.9137046,0.9671961,0.7753966,2.8284271247461903,30.479501308256342,8.774964387392123,71.00704190430693,2.449489742783178,3.1622776601683795,12.328828005937952
