patientId,dice,hd95,type
Patient_31,0.9558745,2.23606797749979,test
Patient_32,0.9541766,3.0,test
Patient_33,0.9464015,3.1622776601683795,test
Patient_34,0.9162124,116.31422956801116,test
Patient_35,0.9478303,3.0,test
Patient_36,0.9028865,7.810249675906654,test
Patient_37,0.92737806,3.605551275463989,test
Patient_38,0.9461847,2.23606797749979,test
Patient_39,0.93644536,4.0,test
Patient_40,0.9593846,3.4641016151377544,test
