patientId,dice,hd95,type
pid_106,0.6527079,103.26664514740469,test
pid_1000,0.70707506,34.77067730142742,test
