patientId,type,diceLV,diceRV,diceLA,diceRA,diceMLV,diceAA,dicePA,hd95LV,hd95RV,hd95LA,hd95RA,hd95MLV,hd95AA,hd95PA
ct_train_1016_image,test,0.9601414,0.4522767,0.9350878,0.112876,0.82090116,0.96890974,0.7520156,3.0,19.904767602245087,9.47097742597052,89.19075578585192,6.48074069840786,2.23606797749979,47.22393438405039
ct_train_1017_image,test,0.86443686,0.6606419,0.11116237,0.896773,0.8889027,0.93590176,0.7996858,130.88620786065417,79.869581162064,64.02343321003646,87.75306202547094,10.04987562112089,59.26719145461634,27.15510851836273
ct_train_1018_image,test,0.9375094,0.9060367,0.8556964,0.8926398,0.85885036,0.97455806,0.78447837,8.774964387392123,24.49489742783178,79.64106760224558,5.0990195135927845,2.449489742783178,1.4142135623730951,89.13893646493901
ct_train_1019_image,test,0.80497074,0.720245,0.94051754,0.71891564,0.89519733,0.543714,0.8551963,127.84287210713721,103.71234203827609,8.602325267042627,138.97841559033546,6.6332495807108,22.489996017572018,79.8702067974025
ct_train_1020_image,test,0.92981166,0.8187329,0.9656493,0.7387597,0.905489,0.9718736,0.8571806,4.69041575982343,18.110770276274835,3.1622776601683795,64.29618962271404,2.8284271247461903,1.7320508075688772,39.30648801406709
