patientId,type,diceLV,diceRV,diceLA,diceRA,diceMLV,diceAA,dicePA,hd95LV,hd95RV,hd95LA,hd95RA,hd95MLV,hd95AA,hd95PA
ct_train_1016_image,test,0.96292126,0.78458834,0.9420116,0.54844767,0.8856453,0.9486087,0.78452635,2.449489742783178,11.497812753395037,6.164414002968976,16.822603841260722,3.605551275463989,4.69041575982343,8.54400374531753
ct_train_1017_image,test,0.91933113,0.748448,0.3363206,0.8778485,0.8895723,0.9721872,0.8658118,134.2017137977665,78.8986691902975,216.2409535664286,37.04996500767518,134.38154633980614,2.0,15.811388300841896
ct_train_1018_image,test,0.93783003,0.8909919,0.8339541,0.9151075,0.806318,0.9786033,0.7830953,7.0,12.409673645990857,87.00574693662483,4.898979485566356,5.0990195135927845,1.0,58.9406481131655
ct_train_1019_image,test,0.7459004,0.7412208,0.9322995,0.8863515,0.92980987,0.7145339,0.8584678,32.12475680841802,48.908077042549934,7.810249675906654,9.433981132056603,6.4031242374328485,16.0,20.904544960366874
ct_train_1020_image,test,0.9548883,0.8932353,0.9665638,0.8448988,0.92125493,0.9760395,0.8955195,2.23606797749979,18.411952639521967,3.0,53.49485939464632,2.449489742783178,1.0,8.0
