patientId,dice,hd95,type
pid_108,0.77636564,22.759613353482084,test
pid_110,0.798844,16.0312195418814,test
