patientId,type,diceLV,diceRV,diceLA,diceRA,diceMLV,diceAA,dicePA,hd95LV,hd95RV,hd95LA,hd95RA,hd95MLV,hd95AA,hd95PA
ct_train_1016_image,test,0.9631819,0.9406917,0.9463857,0.94656354,0.9194102,0.9805681,0.8579847,2.8284271247461903,2.8284271247461903,5.0,2.8284271247461903,2.23606797749979,1.0,14.177446878757825
ct_train_1017_image,test,0.80252475,0.70332885,0.2177506,0.76016444,0.76492006,0.8952045,0.7377213,126.43575443678897,164.23458831805192,60.411091555064345,199.88496691847539,121.15568490377026,145.53109257835666,80.59466322371931
ct_train_1018_image,test,0.93083644,0.8921145,0.87309813,0.88440263,0.784629,0.97153115,0.7621436,5.477225575051661,11.916375287812984,7.874007874011811,59.75784467331465,7.0,1.4142135623730951,90.61594779227077
ct_train_1019_image,test,0.7506988,0.57042176,0.9228261,0.71492517,0.8203657,0.61394167,0.77694976,45.35416188179427,135.2373838783389,8.94427190999916,88.9030359677314,116.17314661027241,53.99953207128537,90.67524469225324
ct_train_1020_image,test,0.94349635,0.89302707,0.9578761,0.92178345,0.87851715,0.9672504,0.9143124,5.0,5.744562646538029,4.898979485566356,7.14142842854285,5.744562646538029,5.004950975679567,5.916079783099616
