patientId,type,diceLV,diceRV,diceLA,diceRA,diceMLV,diceAA,dicePA,hd95LV,hd95RV,hd95LA,hd95RA,hd95MLV,hd95AA,hd95PA
ct_train_1016_image,test,0.973935,0.93978304,0.96289647,0.94820666,0.93066615,0.9813328,0.8547611,1.4142135623730951,3.0,2.23606797749979,3.0,2.0,1.0,8.0
ct_train_1017_image,test,0.9357495,0.89336157,0.8937491,0.9217121,0.9048597,0.96987647,0.81309885,3.0,50.85272854036448,56.30985636914811,8.06225774829855,7.280109889280518,3.605551275463989,11.0
ct_train_1018_image,test,0.9529234,0.90202767,0.87762904,0.90040517,0.8285658,0.9783155,0.8083252,4.123105625617661,13.114877048604,6.928203230275509,5.744562646538029,4.2833310768666015,1.0,59.04235767650204
ct_train_1019_image,test,0.87083274,0.881219,0.9252269,0.8924848,0.92291886,0.9451678,0.86339784,18.708286933869708,34.11744421846396,13.379088160259652,80.83378002253417,123.43925600512077,3.605551275463989,42.278825975583786
ct_train_1020_image,test,0.9483888,0.9178708,0.96109736,0.9205381,0.9040383,0.9755079,0.928076,2.449489742783178,4.47213595499958,4.123105625617661,5.0990195135927845,3.0,1.0,7.681145747868608
