patientId,type,diceLV,diceRV,diceLA,diceRA,diceMLV,diceAA,dicePA,hd95LV,hd95RV,hd95LA,hd95RA,hd95MLV,hd95AA,hd95PA
ct_train_1017_image,test,0.90922165,0.88023984,0.9336937,0.84546447,0.8826916,0.86739206,0.8165022,4.123105625617661,128.7645134868073,29.748949561287034,158.36666315863323,5.196152422706632,114.40913423006455,13.06712382556784
ct_train_1018_image,test,0.9515956,0.9012033,0.90829206,0.8926383,0.8124087,0.9648063,0.7265214,3.0,8.06225774829855,3.605551275463989,7.0710678118654755,3.7416573867739413,2.23606797749979,86.52947431728705
ct_train_1019_image,test,0.81362814,0.66380924,0.92746246,0.89520013,0.8600521,0.8901946,0.87303305,6.324555320336759,136.25344032353826,9.0,75.06663706334525,74.64649995533264,115.17812292271479,8.043432760869807
ct_train_1020_image,test,0.9477346,0.93090487,0.9605137,0.92117804,0.9106169,0.96962535,0.9282267,2.449489742783178,3.0,3.0,3.7416573867739413,2.23606797749979,1.4142135623730951,4.0
