patientId,dice,hd95,type
pid_106,0.8375653,60.74537019394976,test
pid_1000,0.8946461,6.928203230275509,test
