patientId,type,diceLV,diceRV,diceLA,diceRA,diceMLV,diceAA,dicePA,hd95LV,hd95RV,hd95LA,hd95RA,hd95MLV,hd95AA,hd95PA
ct_train_1016_image,test,0.9748081,0.9347955,0.95344424,0.9336673,0.920894,0.9748393,0.7891233,1.4142135623730951,3.7416573867739413,4.69041575982343,39.71145930332956,2.23606797749979,2.8284271247461903,26.248809496813376
ct_train_1017_image,test,0.86665136,0.71987104,0.08590107,0.7863833,0.84760755,0.8794345,0.6463299,32.49615361854384,79.54181243425337,61.3575585201053,193.98453546610358,121.30127781684742,68.1615727518079,17.146428199482248
ct_train_1018_image,test,0.9567298,0.85988945,0.8794011,0.8955202,0.8214816,0.9714894,0.74321,3.0,16.46508690267855,4.898979485566356,28.442925306655784,8.686148770000852,2.0,92.63908462414771
ct_train_1019_image,test,0.80838674,0.7984466,0.9338821,0.8214958,0.9102988,0.8083381,0.86361,26.70205984563738,47.138094997570704,9.797958971132712,212.44493403616832,16.76305461424021,179.2139782445252,25.80697580112788
ct_train_1020_image,test,0.9431271,0.77093977,0.93279004,0.811063,0.84365904,0.9623571,0.85965604,5.0,22.045407685048602,8.12403840463596,54.57105459856901,14.071247279470288,5.744562646538029,16.30950643030009
