patientId,dice,hd95,type
Patient_33,0.9547674,3.0,test
Patient_34,0.9389357,3.605551275463989,test
Patient_35,0.95472234,2.449489742783178,test
Patient_36,0.9530315,2.23606797749979,test
Patient_37,0.94450057,3.1622776601683795,test
Patient_38,0.9605381,2.0,test
Patient_39,0.96089923,2.23606797749979,test
Patient_40,0.95062757,3.0,test
