patientId,dice,hd95,type
Patient_33,0.817004,14.317821063276353,test
Patient_34,0.88939893,62.03224967708329,test
Patient_35,0.35115135,20.074859899884732,test
Patient_36,0.16001557,30.380915061926625,test
Patient_37,0.91900146,5.385164807134504,test
Patient_38,0.8879581,10.677078252031311,test
Patient_39,0.665867,12.0,test
Patient_40,0.90100074,33.25657829663178,test
