patientId,type,diceLV,diceRV,diceLA,diceRA,diceMLV,diceAA,dicePA,hd95LV,hd95RV,hd95LA,hd95RA,hd95MLV,hd95AA,hd95PA
ct_train_1016_image,test,0.96632797,0.9375296,0.9556945,0.9092504,0.9141889,0.98203,0.85617995,1.7320508075688772,3.1622776601683795,3.1622776601683795,6.4031242374328485,2.23606797749979,1.0,19.73955050094607
ct_train_1017_image,test,0.9160504,0.8085487,0.7178458,0.91763335,0.86784446,0.9642161,0.8191909,4.0,67.00746227100382,16.1245154965971,25.56168828905226,128.6157066613561,29.122156058276534,19.22628008939081
ct_train_1018_image,test,0.9481614,0.89753085,0.87661475,0.92223656,0.82836246,0.98007846,0.7411376,4.0,10.344080432788601,6.557438524302,5.385164807134504,4.123105625617661,1.0,88.15327560561774
ct_train_1019_image,test,0.8650992,0.91208994,0.9047431,0.890806,0.93789065,0.9555528,0.86304134,5.0,4.0,31.255399164920668,9.695359714832659,4.0,2.449489742783178,161.47600438705723
ct_train_1020_image,test,0.944825,0.87990475,0.9354659,0.8803762,0.8723113,0.9677956,0.83951545,3.3166247903554,9.536764062486087,8.12403840463596,56.73314712166709,7.0710678118654755,2.8284271247461903,33.301651610693426
