patientId,dice,hd95,type
pid_106,0.8129835,74.36060777519901,test
pid_1000,0.8571265,5.477225575051661,test
