patientId,type,diceLV,diceRV,diceLA,diceRA,diceMLV,diceAA,dicePA,hd95LV,hd95RV,hd95LA,hd95RA,hd95MLV,hd95AA,hd95PA
ct_train_1016_image,test,0.9636979,0.94185776,0.9620753,0.9545253,0.92646253,0.9813789,0.8729903,1.7320508075688772,3.1622776601683795,2.449489742783178,2.449489742783178,1.7320508075688772,1.0,20.149441679609886
ct_train_1017_image,test,0.91433996,0.8502145,0.7867964,0.9179332,0.8252117,0.966522,0.7817755,133.47246901929705,50.07393194887124,14.352700094407323,211.7657904227678,132.89845747788047,4.123105625617661,21.563858652847824
ct_train_1018_image,test,0.93564343,0.8938994,0.8765723,0.90418416,0.8158407,0.97582483,0.7644903,6.928203230275509,12.806248474865697,6.6332495807108,5.0990195135927845,4.123105625617661,1.4142135623730951,86.28093620050522
ct_train_1019_image,test,0.80774695,0.8642808,0.93344325,0.9184153,0.9255843,0.9506597,0.90984565,35.45419580247167,8.0,7.681145747868608,223.39471790347991,17.916472867168917,2.23606797749979,91.27294130415574
ct_train_1020_image,test,0.95615804,0.93162036,0.97333205,0.92579657,0.9167104,0.9764539,0.9262264,2.23606797749979,3.605551275463989,2.23606797749979,4.47213595499958,2.449489742783178,1.0,23.748684174075834
