patientId,type,diceLV,diceRV,diceLA,diceRA,diceMLV,diceAA,dicePA,hd95LV,hd95RV,hd95LA,hd95RA,hd95MLV,hd95AA,hd95PA
ct_train_1017_image,test,0.9209059,0.90989524,0.9353548,0.9296016,0.903342,0.9379735,0.86475164,3.605551275463989,12.68857754044952,7.55313136880036,181.12992574292645,5.0,57.77542730261716,7.810249675906654
ct_train_1018_image,test,0.954848,0.8961311,0.9008133,0.9184217,0.81078607,0.97559446,0.8019738,3.0,8.94427190999916,4.58257569495584,3.605551275463989,4.898979485566356,1.0,56.78820293883381
ct_train_1019_image,test,0.838266,0.90738904,0.942703,0.8956784,0.8806331,0.9600544,0.8768938,6.164414002968976,17.11724276862369,13.74772708486752,58.61996233982779,6.4031242374328485,1.4142135623730951,17.233687939614086
ct_train_1020_image,test,0.95316803,0.91987354,0.96978927,0.9222896,0.9059755,0.97575974,0.92769694,2.23606797749979,4.123105625617661,2.449489742783178,4.47213595499958,3.0,1.0,10.816653826391969
