patientId,dice,hd95,type
Patient_106,0.8043477,9.273618495495704,test
Patient_107,0.76163095,9.219544457292887,test
Patient_108,0.6737674,34.713109915419565,test
