patientId,dice,hd95,type
Patient_31,0.93763274,4.0,test
Patient_32,0.94223106,3.3166247903554,test
Patient_33,0.9435802,3.0,test
Patient_34,0.9108114,5.0990195135927845,test
Patient_35,0.9114087,13.776784418645654,test
Patient_36,0.94389415,2.8284271247461903,test
Patient_37,0.8276668,34.0,test
Patient_38,0.93118864,4.0,test
Patient_39,0.93164355,26.651450629844007,test
Patient_40,0.938174,47.10360897925825,test
