patientId,dice,hd95,type
Patient_31,0.9600105,2.0,test
Patient_32,0.9515608,3.0,test
Patient_33,0.9436408,3.0,test
Patient_34,0.93879724,3.3166247903554,test
Patient_35,0.9546282,2.23606797749979,test
Patient_36,0.9436493,3.0,test
Patient_37,0.94872546,3.0,test
Patient_38,0.9564426,2.23606797749979,test
Patient_39,0.95508695,2.8284271247461903,test
Patient_40,0.95766973,2.0,test
