patientId,dice,hd95,type
Patient_31,0.9666816,2.0,test
Patient_32,0.94596964,4.0,test
Patient_33,0.9549155,4.242640687119285,test
Patient_34,0.9235324,4.123105625617661,test
Patient_35,0.95251894,2.23606797749979,test
Patient_36,0.93894786,3.3166247903554,test
Patient_37,0.93471354,3.7416573867739413,test
Patient_38,0.9366742,42.44997055358225,test
Patient_39,0.9596193,3.0,test
Patient_40,0.96457225,2.0,test
