patientId,type,diceLV,diceRV,diceLA,diceRA,diceMLV,diceAA,dicePA,hd95LV,hd95RV,hd95LA,hd95RA,hd95MLV,hd95AA,hd95PA
ct_train_1016_image,test,0.95388144,0.14173704,0.9341424,0.0021147337,0.69065,0.8584,0.63709533,2.449489742783178,24.43358344574123,4.69041575982343,47.36032094485847,9.486832980505138,7.874007874011811,25.15949125081825
ct_train_1017_image,test,0.8876073,0.61139876,0.0320958,0.83461183,0.85302556,0.90746284,0.7427695,57.41602547894512,134.21624342828255,57.253820833198546,52.3354564325181,126.31112377082312,53.09802202777812,54.16641025580336
ct_train_1018_image,test,0.8973114,0.8455878,0.741882,0.5400742,0.8202711,0.93295324,0.75484544,19.05255888325765,41.30375285612676,78.4219357067906,17.05872210923198,3.605551275463989,17.11724276862369,93.08061022576076
ct_train_1019_image,test,0.77486765,0.48724607,0.93547165,0.56969976,0.9068578,0.19275355,0.6631787,27.331300737432898,150.53753683805778,6.4031242374328485,97.97703782725418,106.83070715910085,36.72873534441391,97.47307320486001
ct_train_1020_image,test,0.94229704,0.86933565,0.93415636,0.7707623,0.89229274,0.94942147,0.8780008,8.306623862918075,33.0,43.69210454990696,16.24807680927192,3.0,19.924858845171276,17.916472867168917
