patientId,dice,hd95,type
pid_108,0.7476823,70.94363960215179,test
pid_110,0.66424525,74.92062463695692,test
