patientId,type,diceLV,diceRV,diceLA,diceRA,diceMLV,diceAA,dicePA,hd95LV,hd95RV,hd95LA,hd95RA,hd95MLV,hd95AA,hd95PA
ct_train_1016_image,test,0.97678584,0.9416249,0.9532689,0.9273771,0.9292388,0.9799813,0.88214064,1.4142135623730951,3.1622776601683795,4.123105625617661,4.58257569495584,2.23606797749979,1.0,12.36931687685298
ct_train_1017_image,test,0.9357997,0.8532556,0.83965844,0.8644557,0.897608,0.964744,0.81759936,3.3166247903554,137.89887590242296,56.32938842203065,177.4170227833648,8.12403840463596,2.23606797749979,15.84297951775486
ct_train_1018_image,test,0.9500939,0.87327605,0.8557145,0.9325794,0.7934957,0.97335535,0.72844255,3.4641016151377544,13.922996634023919,7.211102550927978,4.123105625617661,5.830951894845301,1.4142135623730951,91.47813429289467
ct_train_1019_image,test,0.8443105,0.91741574,0.935587,0.8531238,0.8893041,0.8990872,0.8594379,54.35071296680477,218.05916628098618,11.357816691600547,162.86727659722476,212.2851855405836,127.73800587963271,101.13851887386922
ct_train_1020_image,test,0.949932,0.8935386,0.94638205,0.91173095,0.879309,0.9698486,0.91938,3.0,6.324555320336759,7.0710678118654755,5.744562646538029,4.69041575982343,1.4142135623730951,9.1104335791443
