patientId,dice,hd95,type
Patient_31,0.9632071,2.0,test
Patient_32,0.9563163,2.449489742783178,test
Patient_33,0.951543,3.0,test
Patient_34,0.93771696,4.0,test
Patient_35,0.9590564,3.0,test
Patient_36,0.9512995,2.23606797749979,test
Patient_37,0.9368241,3.605551275463989,test
Patient_38,0.9511983,2.449489742783178,test
Patient_39,0.9604329,2.449489742783178,test
Patient_40,0.9526904,3.0,test
