patientId,dice,hd95,type
Patient_31,0.96943355,2.0,test
Patient_32,0.9587227,2.23606797749979,test
Patient_33,0.94563574,3.1622776601683795,test
Patient_34,0.9370203,3.605551275463989,test
Patient_35,0.9591551,2.449489742783178,test
Patient_36,0.95394105,2.449489742783178,test
Patient_37,0.9403588,4.123105625617661,test
Patient_38,0.9544071,2.23606797749979,test
Patient_39,0.95843834,2.23606797749979,test
Patient_40,0.9591256,2.0,test
