patientId,type,diceLV,diceRV,diceLA,diceRA,diceMLV,diceAA,dicePA,hd95LV,hd95RV,hd95LA,hd95RA,hd95MLV,hd95AA,hd95PA
ct_train_1016_image,test,0.97704935,0.9425135,0.9623561,0.94371265,0.9337469,0.98168385,0.87947524,1.4142135623730951,3.0,2.8284271247461903,3.3166247903554,1.4142135623730951,1.0,11.704699910719626
ct_train_1017_image,test,0.9376233,0.9240629,0.85535693,0.9233733,0.9191537,0.9749871,0.88537306,2.8284271247461903,4.0,11.832159566199232,10.04738184006479,3.605551275463989,1.0,13.45362404707371
ct_train_1018_image,test,0.9595467,0.8887199,0.84868455,0.91264135,0.8179381,0.97767764,0.75635797,3.0,11.704699910719626,6.4031242374328485,5.0990195135927845,5.0,1.0,57.323642591866054
ct_train_1019_image,test,0.882467,0.916847,0.91617167,0.92468935,0.94129485,0.9552542,0.8989831,5.0,3.3166247903554,9.848857801796104,6.4031242374328485,3.1622776601683795,1.7320508075688772,18.411952639521967
ct_train_1020_image,test,0.95663285,0.9079292,0.97030246,0.93312573,0.9125237,0.97970444,0.9339683,2.23606797749979,4.58257569495584,2.23606797749979,4.123105625617661,2.8284271247461903,1.0,5.916079783099616
