patientId,type,diceLV,diceRV,diceLA,diceRA,diceMLV,diceAA,dicePA,hd95LV,hd95RV,hd95LA,hd95RA,hd95MLV,hd95AA,hd95PA
ct_train_1016_image,test,0.96174455,0.9246866,0.9571151,0.89492816,0.9092926,0.9682295,0.86855483,2.0,3.605551275463989,2.449489742783178,5.656854249492381,2.23606797749979,1.4142135623730951,8.660254037844387
ct_train_1017_image,test,0.92082274,0.91129035,0.91704106,0.8927586,0.889374,0.95368594,0.86102766,4.0,96.57898041111241,12.36931687685298,222.70608433538587,99.82509703881276,33.61249714891914,9.833588152597123
ct_train_1018_image,test,0.95566934,0.9079569,0.8644551,0.88290083,0.8084394,0.96601385,0.7895857,2.8284271247461903,7.3484692283495345,6.4031242374328485,16.0,4.69041575982343,1.4142135623730951,60.09076462958493
ct_train_1019_image,test,0.8780835,0.9195314,0.9317392,0.89400643,0.92809546,0.95438045,0.8932642,5.385164807134504,139.64383256644314,9.899494936611665,210.0747485983035,4.0,3.605551275463989,27.09243436828813
ct_train_1020_image,test,0.95166904,0.9220019,0.96139884,0.9276607,0.9045513,0.9696581,0.9112035,2.23606797749979,3.7416573867739413,3.3166247903554,4.47213595499958,3.0,1.4142135623730951,8.306623862918075
