patientId,type,diceLV,diceRV,diceLA,diceRA,diceMLV,diceAA,dicePA,hd95LV,hd95RV,hd95LA,hd95RA,hd95MLV,hd95AA,hd95PA
ct_train_1017_image,test,0.9404817,0.77756584,0.9082715,0.7989746,0.8911026,0.9725673,0.808216,2.449489742783178,9.899494936611665,7.54983443527075,16.431676725154983,3.4641016151377544,1.4142135623730951,9.273618495495704
ct_train_1018_image,test,0.86936,0.75627095,0.93206465,0.85832137,0.8284,0.8812894,0.62847376,169.17919424044703,207.22644597294297,7.211102550927978,271.55864925359856,143.60936589581488,9.0,261.99751900751966
ct_train_1019_image,test,0.9360993,0.8881827,0.8848966,0.8987279,0.86956936,0.92600155,0.6859781,3.0,7.54983443527075,36.49520493300132,6.4031242374328485,3.7416573867739413,5.744562646538029,20.424248423201938
