patientId,type,diceLV,diceRV,diceLA,diceRA,diceMLV,diceAA,dicePA,hd95LV,hd95RV,hd95LA,hd95RA,hd95MLV,hd95AA,hd95PA
ct_train_1017_image,test,0.8909283,0.8874126,0.9266667,0.90916586,0.7784712,0.9723075,0.81646836,161.18002357612434,192.35449043003342,10.198039027185569,254.58750946930593,144.60255875648926,1.7320508075688772,231.818463448307
ct_train_1018_image,test,0.9427786,0.9053447,0.8547847,0.9137526,0.7985975,0.97145903,0.74235904,4.0,7.0710678118654755,8.602325267042627,5.656854249492381,5.0,2.23606797749979,94.94208761134337
ct_train_1019_image,test,0.841133,0.86196566,0.91114473,0.91079617,0.93056446,0.9344844,0.891264,145.49123488051174,12.041594578792296,11.357816691600547,8.06225774829855,27.586228448267445,16.223323817486328,12.727922061357855
ct_train_1020_image,test,0.95523274,0.9261139,0.96194553,0.934161,0.91432244,0.974869,0.9251905,2.23606797749979,4.123105625617661,4.242640687119285,3.7416573867739413,2.8284271247461903,1.0,14.866068747318506
