patientId,dice,hd95,type
Patient_31,0.9506701,3.0,test
Patient_32,0.9449362,3.0,test
Patient_33,0.94234353,3.7416573867739413,test
Patient_34,0.88934433,199.46879449900823,test
Patient_35,0.80330527,273.72577518287557,test
Patient_36,0.9357689,3.7416573867739413,test
Patient_37,0.8857211,20.75089185457733,test
Patient_38,0.9305084,4.0,test
Patient_39,0.9377151,4.358898943540674,test
Patient_40,0.9558553,2.23606797749979,test
