patientId,dice,hd95,type
Patient_31,0.9341521,37.43060233988941,test
Patient_32,0.94846874,3.0,test
Patient_33,0.37853467,14.15096343748767,test
Patient_34,0.9059894,23.396566869122854,test
Patient_35,0.12371487,39.102429592034305,test
Patient_36,0.023967749,33.481338085566414,test
Patient_37,0.76538676,15.0,test
Patient_38,0.76520777,14.0,test
Patient_39,0.2702086,21.470910553583888,test
Patient_40,0.9396795,8.0,test
