patientId,type,diceLV,diceRV,diceLA,diceRA,diceMLV,diceAA,dicePA,hd95LV,hd95RV,hd95LA,hd95RA,hd95MLV,hd95AA,hd95PA
ct_train_1016_image,test,0.9724205,0.94206214,0.93971115,0.9250871,0.9237886,0.9735042,0.8818815,2.23606797749979,3.3166247903554,5.385164807134504,4.358898943540674,2.23606797749979,3.1622776601683795,8.602325267042627
ct_train_1017_image,test,0.8597581,0.7535782,0.26062572,0.76291466,0.8522125,0.9103903,0.8371105,23.708647367574358,70.77428911688199,61.163714733492114,53.04714883949938,132.808132281122,84.52810183601665,105.47985589675405
ct_train_1018_image,test,0.94050485,0.86535907,0.86026794,0.87297726,0.80991626,0.9738988,0.7999545,4.123105625617661,14.352700094407323,7.0710678118654755,29.949123305266237,4.47213595499958,1.7320508075688772,96.12075682622115
ct_train_1019_image,test,0.82565594,0.7823921,0.9290112,0.7613024,0.88120717,0.8441556,0.79762906,29.555029782915756,44.23799272118933,12.68857754044952,29.03446228191595,64.07807737440318,14.198580993634216,103.81521958800587
ct_train_1020_image,test,0.9497281,0.87149274,0.9493426,0.9105463,0.88285005,0.9702445,0.900076,2.8284271247461903,11.502156483554447,7.280109889280518,5.656854249492381,5.916079783099616,1.4142135623730951,34.438350715445125
