patientId,type,diceLV,diceRV,diceLA,diceRA,diceMLV,diceAA,dicePA,hd95LV,hd95RV,hd95LA,hd95RA,hd95MLV,hd95AA,hd95PA
ct_train_1017_image,test,0.901049,0.89670366,0.9367389,0.8778943,0.8930266,0.94749606,0.8548529,5.0990195135927845,164.99515135373994,5.385164807134504,255.13329849316023,4.58257569495584,56.789083458002736,12.206555615733702
ct_train_1018_image,test,0.94161934,0.9023173,0.89695597,0.8997955,0.8110401,0.957082,0.72766185,3.7416573867739413,13.341664064126334,5.385164807134504,5.385164807134504,4.0,3.0,62.89674077406555
ct_train_1019_image,test,0.83024913,0.9252047,0.9375914,0.9192599,0.907487,0.95622057,0.88330555,6.48074069840786,16.07481781829777,7.14142842854285,56.00892785976178,5.385164807134504,2.0,19.339079605813716
ct_train_1020_image,test,0.9495152,0.93408,0.9584891,0.93031245,0.9127704,0.9686888,0.908119,3.605551275463989,3.4641016151377544,3.605551275463989,4.123105625617661,2.8284271247461903,1.4142135623730951,6.708203932499369
