patientId,type,diceLV,diceRV,diceLA,diceRA,diceMLV,diceAA,dicePA,hd95LV,hd95RV,hd95LA,hd95RA,hd95MLV,hd95AA,hd95PA
ct_train_1017_image,test,0.9212108,0.89794993,0.9394645,0.8725651,0.87011844,0.9283205,0.8566401,4.47213595499958,164.76726005022934,6.708203932499369,226.9495490171668,128.3666623387864,54.378304497290095,22.825424421026653
ct_train_1018_image,test,0.9541661,0.91656774,0.88959396,0.89867896,0.82902163,0.9644264,0.7749912,3.0,14.317821063276353,5.0990195135927845,5.385164807134504,3.605551275463989,2.449489742783178,55.163393659201205
ct_train_1019_image,test,0.8188209,0.88486344,0.9272559,0.90638727,0.8884657,0.9577416,0.85611266,21.60555285696401,171.18849247310612,22.0,7.0,131.07631364972087,2.23606797749979,8.774964387392123
ct_train_1020_image,test,0.9474091,0.9381444,0.9548732,0.9254664,0.9125084,0.9709628,0.92438906,3.3166247903554,3.0,5.477225575051661,4.242640687119285,3.0,1.4142135623730951,7.14142842854285
