patientId,dice,hd95,type
Patient_33,0.95648235,2.449489742783178,test
Patient_34,0.9326479,3.605551275463989,test
Patient_35,0.9630354,2.23606797749979,test
Patient_36,0.9570426,2.23606797749979,test
Patient_37,0.9370235,3.605551275463989,test
Patient_38,0.955531,2.23606797749979,test
Patient_39,0.95630527,2.8284271247461903,test
Patient_40,0.9550769,2.0,test
