patientId,type,diceLV,diceRV,diceLA,diceRA,diceMLV,diceAA,dicePA,hd95LV,hd95RV,hd95LA,hd95RA,hd95MLV,hd95AA,hd95PA
ct_train_1016_image,test,0.9719359,0.9406551,0.9481815,0.93929964,0.9248574,0.9700765,0.84867597,1.4142135623730951,2.8284271247461903,4.47213595499958,3.605551275463989,2.0,4.123105625617661,9.16515138991168
ct_train_1017_image,test,0.86403394,0.70463955,0.0906958,0.7115847,0.840441,0.894397,0.6750813,76.04176417880686,146.8363030896395,60.723964810825656,79.53364052213098,137.67534263739338,74.15490541994049,21.494147578399872
ct_train_1018_image,test,0.945081,0.8648573,0.89614797,0.89893913,0.79600424,0.96873313,0.7825241,3.7416573867739413,9.539392014169456,8.12403840463596,54.844779421568354,5.744562646538029,4.0,91.82973361598583
ct_train_1019_image,test,0.87755084,0.8096268,0.9314499,0.80207217,0.9395797,0.7709773,0.8603068,4.58257569495584,46.17358552246078,29.274562336608895,18.16590212458495,3.605551275463989,12.727922061357855,41.012193308819754
ct_train_1020_image,test,0.9501868,0.9087136,0.95782286,0.9337682,0.8948657,0.9742462,0.92914987,2.449489742783178,4.69041575982343,4.69041575982343,3.7416573867739413,3.605551275463989,1.7320508075688772,8.06225774829855
