patientId,dice,hd95,type
Patient_31,0.9474541,3.0,test
Patient_32,0.940439,4.0,test
Patient_33,0.9241531,174.0,test
Patient_34,0.8913474,190.18569870010577,test
Patient_35,0.85309803,261.91277173544125,test
Patient_36,0.9340563,4.0,test
Patient_37,0.85007364,75.02666192761077,test
Patient_38,0.9385204,3.0,test
Patient_39,0.9420634,3.605551275463989,test
Patient_40,0.9422041,151.04304022363957,test
