patientId,dice,hd95,type
Patient_31,0.9650659,2.0,test
Patient_32,0.9472337,53.369935169843984,test
Patient_33,0.9547355,2.8284271247461903,test
Patient_34,0.93668306,3.605551275463989,test
Patient_35,0.9567668,2.23606797749979,test
Patient_36,0.9441557,3.1622776601683795,test
Patient_37,0.94747233,3.1622776601683795,test
Patient_38,0.9644735,2.0,test
Patient_39,0.96202725,2.449489742783178,test
Patient_40,0.9629763,2.0,test
