patientId,dice,hd95,type
Patient_31,0.9532393,3.169995016677618,test
Patient_32,0.94797194,5.0,test
Patient_33,0.39177594,12.68857754044952,test
Patient_34,0.9153086,67.19077159383866,test
Patient_35,0.12527092,53.43874956753294,test
Patient_36,0.009455435,67.48666488297276,test
Patient_37,0.7815809,16.0,test
Patient_38,0.8958053,9.0,test
Patient_39,0.3483355,15.427248620541512,test
Patient_40,0.9431844,22.015900881881684,test
