patientId,dice,hd95,type
pid_106,0.8503406,10.723805294763608,test
pid_1000,0.8893833,6.4031242374328485,test
